,amusement,baseline,stress
ecg_hr_mean,-1.0974629792634767,0.06689668663038038,1.0305662926330945
ecg_hr_std,-0.10737506419540384,-0.8109528584428689,0.918327922638271
ecg_sdnn,0.43922445253804276,0.6506041987454654,-1.089828651283506
ecg_rmssd,-0.1302260201790863,-0.25756944643542207,0.38779546661450703
ecg_pnn50,-0.19152015147601534,-0.2980150243707438,0.4895351758467566
eda_mean,-0.044640768652707594,0.16213488373913262,-0.11749411508642404
eda_std,0.3135995940297718,-1.0513286114211748,0.7377290173914052
eda_min,-0.04748857667982949,0.18730863383042404,-0.13982005715059628
eda_max,-0.07905984093631382,0.09193464808219508,-0.012874807145883002
eda_slope,0.20887681587697438,-1.1138198243730322,0.9049430084960585
eda_scr_count,-0.4052688185897416,-1.7270623117805517,2.1323311303702908
resp_rate,0.9843349228263474,-0.6124703260262181,-0.3718645968001295
resp_std,0.3012673432269651,-0.7325600649259263,0.4312927216989607
temp_mean,0.6496061196735905,-0.45448855144264494,-0.19511756823094978
temp_std,0.11332059489566709,0.28277986938542127,-0.39610046428108947
temp_slope,-0.20991981217095695,-0.25123275029625897,0.46115256246721475
acc_mag_mean,-0.5690424083970823,0.31663867786209404,0.25240373053498727
acc_mag_std,0.0058086614479732,-1.681206875544751,1.6753982140967765
acc_x_std,0.5551318915273772,0.21206242229105168,-0.7671943138184296
acc_y_std,-0.8505868390032117,1.872294621935678,-1.0217077829324674
acc_z_std,-0.7536732014715443,0.27600938608588105,0.4776638153856617
