val_subject,n_train,n_val,train_acc,train_f1,val_acc,val_f1,model
S2,767,67,0.9139504563233377,0.8686030601903244,0.6119402985074627,0.3790684624017957,logreg
S4,766,68,0.9281984334203656,0.897540331028703,0.8382352941176471,0.6235294117647059,logreg
S5,765,69,0.9137254901960784,0.873137707773663,0.5507246376811594,0.5754018169112509,logreg
S6,765,69,0.9098039215686274,0.8651444671356175,0.8695652173913043,0.7841463414634147,logreg
S7,765,69,0.9111111111111111,0.8696568372270329,0.6956521739130435,0.7058670326963009,logreg
S8,765,69,0.9111111111111111,0.8629798341374716,0.8985507246376812,0.8616396761133603,logreg
S9,765,69,0.9176470588235294,0.8769616179720359,0.7971014492753623,0.6889792231255645,logreg
S10,762,72,0.9225721784776902,0.8861040397990084,0.5694444444444444,0.5396778085302675,logreg
S14,764,70,0.9109947643979057,0.8664341874614706,0.9571428571428572,0.9397607921369296,logreg
S15,764,70,0.9214659685863874,0.8862621947866153,0.6857142857142857,0.557088122605364,logreg
S16,764,70,0.918848167539267,0.8783725410633757,0.7285714285714285,0.6358046620938431,logreg
S17,762,72,0.9199475065616798,0.8843008202327658,0.75,0.7097033257747544,logreg
S2,767,67,0.9387222946544981,0.9088071486455546,0.47761194029850745,0.3337639965546942,svm_rbf
S4,766,68,0.9386422976501305,0.9147250940054645,0.8382352941176471,0.6235294117647059,svm_rbf
S5,765,69,0.9281045751633987,0.8983662100335432,0.7391304347826086,0.7285714285714285,svm_rbf
S6,765,69,0.9254901960784314,0.893794995564907,0.8695652173913043,0.7841463414634147,svm_rbf
S7,765,69,0.9202614379084967,0.8828261415596387,0.6956521739130435,0.7058670326963009,svm_rbf
S8,765,69,0.9254901960784314,0.8909808433701086,0.8985507246376812,0.8616396761133603,svm_rbf
S9,765,69,0.930718954248366,0.9004080648039651,0.7101449275362319,0.5901084010840109,svm_rbf
S10,762,72,0.9330708661417323,0.9044514532246352,0.5694444444444444,0.5537493952588292,svm_rbf
S14,764,70,0.925392670157068,0.8934465683301474,0.9428571428571428,0.933851900681169,svm_rbf
S15,764,70,0.93717277486911,0.9096035618779809,0.7571428571428571,0.6212155360228383,svm_rbf
S16,764,70,0.9293193717277487,0.8968082706139627,0.7714285714285715,0.7057057057057058,svm_rbf
S17,762,72,0.9291338582677166,0.8998645798489148,0.7083333333333334,0.6795918367346938,svm_rbf
