C,val_subject,n_train,n_val,train_acc,train_f1,val_acc,val_f1
0.001,S2,767,67,0.7692307692307693,0.5608129827876757,0.5522388059701493,0.2371794871794872
0.001,S4,766,68,0.758485639686684,0.5511731080542561,0.6617647058823529,0.44477172312223856
0.001,S5,765,69,0.7633986928104575,0.5555780289314568,0.8405797101449275,0.615499533146592
0.001,S6,765,69,0.7555555555555555,0.5477039003126413,0.8405797101449275,0.6245210727969349
0.001,S7,765,69,0.7647058823529411,0.556104026692262,0.6666666666666666,0.4875213675213675
0.001,S8,765,69,0.7594771241830065,0.5511228814262435,0.7681159420289855,0.5623623623623624
0.001,S9,765,69,0.7764705882352941,0.5680926273967534,0.5652173913043478,0.27073974243785565
0.001,S10,762,72,0.7611548556430446,0.5538256115687904,0.7777777777777778,0.568045245669848
0.001,S14,764,70,0.756544502617801,0.5486661512498857,0.8285714285714286,0.608648056923919
0.001,S15,764,70,0.7696335078534031,0.5605900017664723,0.6857142857142857,0.47355716480140436
0.001,S16,764,70,0.7578534031413613,0.5507748104187273,0.8428571428571429,0.6245210727969349
0.001,S17,762,72,0.7572178477690289,0.5509285121798453,0.7777777777777778,0.5627577107042718
0.01,S2,767,67,0.8383311603650587,0.6660694509134193,0.5522388059701493,0.2371794871794872
0.01,S4,766,68,0.8133159268929504,0.64118229350178,0.8382352941176471,0.6235294117647059
0.01,S5,765,69,0.8196078431372549,0.6470861172036856,0.8405797101449275,0.615499533146592
0.01,S6,765,69,0.8130718954248366,0.6203566203566203,0.8405797101449275,0.6245210727969349
0.01,S7,765,69,0.8326797385620915,0.6986379070154255,0.4782608695652174,0.48174603174603176
0.01,S8,765,69,0.8183006535947712,0.64161219721005,0.8115942028985508,0.600191570881226
0.01,S9,765,69,0.8183006535947712,0.6290127370868771,0.7246376811594203,0.5166666666666667
0.01,S10,762,72,0.8188976377952756,0.6384222133119487,0.75,0.5476190476190476
0.01,S14,764,70,0.8049738219895288,0.5920105058702336,0.9,0.8055555555555555
0.01,S15,764,70,0.8285340314136126,0.6577838342544226,0.7285714285714285,0.5298245614035088
0.01,S16,764,70,0.8219895287958116,0.6630177997124777,0.8,0.6111111111111112
0.01,S17,762,72,0.8188976377952756,0.6510030864197531,0.8333333333333334,0.603855421686747
0.1,S2,767,67,0.9048239895697523,0.846079694639279,0.5671641791044776,0.29133256968308513
0.1,S4,766,68,0.9112271540469974,0.8693560106258608,0.8382352941176471,0.6235294117647059
0.1,S5,765,69,0.9006535947712418,0.8499176768547964,0.8840579710144928,0.8452380952380952
0.1,S6,765,69,0.8862745098039215,0.8212793872751071,0.8985507246376812,0.8163319946452475
0.1,S7,765,69,0.8915032679738563,0.8344606097419861,0.463768115942029,0.46873405073573277
0.1,S8,765,69,0.8967320261437909,0.8347482278531874,0.8695652173913043,0.8045837471949381
0.1,S9,765,69,0.8993464052287582,0.8461999781075437,0.7681159420289855,0.611751677415152
0.1,S10,762,72,0.9133858267716536,0.8681698003805861,0.625,0.556993006993007
0.1,S14,764,70,0.8952879581151832,0.8380846384081008,0.9714285714285714,0.9515151515151515
0.1,S15,764,70,0.9083769633507853,0.8624196872348163,0.7142857142857143,0.5595620066208302
0.1,S16,764,70,0.9018324607329843,0.8493291525468933,0.7285714285714285,0.6358046620938431
0.1,S17,762,72,0.9015748031496063,0.8563219226030218,0.8055555555555556,0.7430209542010785
1.0,S2,767,67,0.9126466753585397,0.8661538669031641,0.6119402985074627,0.3787629994526546
1.0,S4,766,68,0.9281984334203656,0.897540331028703,0.8382352941176471,0.6235294117647059
1.0,S5,765,69,0.9124183006535947,0.8707736132094858,0.5507246376811594,0.5754018169112509
1.0,S6,765,69,0.9098039215686274,0.8651444671356175,0.8695652173913043,0.7841463414634147
1.0,S7,765,69,0.9111111111111111,0.8696568372270329,0.6956521739130435,0.7058670326963009
1.0,S8,765,69,0.9111111111111111,0.8629798341374716,0.9130434782608695,0.8865952612788055
1.0,S9,765,69,0.9176470588235294,0.8769616179720359,0.782608695652174,0.6556283613988116
1.0,S10,762,72,0.9212598425196851,0.8845282166800209,0.5694444444444444,0.5396778085302675
1.0,S14,764,70,0.9096858638743456,0.8645322936641621,0.9571428571428572,0.9397607921369296
1.0,S15,764,70,0.9201570680628273,0.8851387048459344,0.6857142857142857,0.557088122605364
1.0,S16,764,70,0.9175392670157068,0.8767935868779477,0.7285714285714285,0.6358046620938431
1.0,S17,762,72,0.9212598425196851,0.8854315656202978,0.75,0.7097033257747544
10.0,S2,767,67,0.9178617992177314,0.875928842043186,0.6119402985074627,0.3790849673202614
10.0,S4,766,68,0.9295039164490861,0.9003120273131943,0.8382352941176471,0.6235294117647059
10.0,S5,765,69,0.9150326797385621,0.8777485059065954,0.4492753623188406,0.4572397978621696
10.0,S6,765,69,0.918954248366013,0.8808419879752808,0.855072463768116,0.743089430894309
10.0,S7,765,69,0.9150326797385621,0.8762529725711706,0.7246376811594203,0.7307588075880759
10.0,S8,765,69,0.9071895424836601,0.8580872464875305,0.8985507246376812,0.864450154923173
10.0,S9,765,69,0.9163398692810457,0.8757532671554533,0.7971014492753623,0.6807017543859648
10.0,S10,762,72,0.926509186351706,0.892495535197318,0.5555555555555556,0.5400155400155401
10.0,S14,764,70,0.9096858638743456,0.8684255250992682,0.9,0.8822997416020671
10.0,S15,764,70,0.918848167539267,0.8829999973123576,0.6857142857142857,0.5608579638752053
10.0,S16,764,70,0.9214659685863874,0.8835913966473509,0.7428571428571429,0.6646224912392481
10.0,S17,762,72,0.916010498687664,0.8780084141302806,0.7222222222222222,0.68794075007052
100.0,S2,767,67,0.9191655801825294,0.8786734552105625,0.6119402985074627,0.3790849673202614
100.0,S4,766,68,0.9321148825065274,0.9049449262030714,0.8382352941176471,0.6235294117647059
100.0,S5,765,69,0.9124183006535947,0.8743707694417457,0.4492753623188406,0.4572397978621696
100.0,S6,765,69,0.9137254901960784,0.8730803008044358,0.855072463768116,0.743089430894309
100.0,S7,765,69,0.918954248366013,0.8823740926041262,0.7246376811594203,0.7307588075880759
100.0,S8,765,69,0.9071895424836601,0.8580872464875305,0.8985507246376812,0.864450154923173
100.0,S9,765,69,0.9176470588235294,0.8781298596417141,0.8115942028985508,0.6958614484930274
100.0,S10,762,72,0.9278215223097113,0.8940572141627735,0.5416666666666666,0.5259899597037437
100.0,S14,764,70,0.9109947643979057,0.869551595262052,0.8857142857142857,0.8669572593581765
100.0,S15,764,70,0.9201570680628273,0.8864005999528105,0.7,0.591393587033122
100.0,S16,764,70,0.9214659685863874,0.8832326335552142,0.7428571428571429,0.6646224912392481
100.0,S17,762,72,0.9173228346456693,0.8807255714469062,0.7222222222222222,0.68794075007052
