model,C,train_acc_mean,train_acc_sd,train_f1_mean,train_f1_sd,val_acc_mean,val_acc_sd,val_f1_mean,val_f1_sd,gamma
logreg,0.001,0.7633503929419884,0.006528307558425943,0.5552707094797009,0.005912226652046361,0.7497422106776233,0.10295129316107203,0.5206360513308841,0.1336129303003501,
logreg,0.01,0.8200302392223119,0.008298187507091015,0.6436898383858133,0.022696464071586205,0.7654990206479882,0.10815195664398507,0.5739924244237882,0.12962197607092565,
logreg,0.1,0.901461484982621,0.008015763002457117,0.848997358366192,0.01427817183781807,0.7646968505117816,0.1484254335039117,0.6622300750513996,0.18255759994796794,
logreg,1.0,0.9166146806764243,0.0057553616600249,0.8762914699006737,0.010565136383957008,0.7460535676163897,0.130734090551374,0.6667222229681293,0.15143912639153037,
logreg,10.0,0.9173757858103689,0.006368615455309834,0.8785778233114172,0.011087435777506668,0.7305888793256144,0.14106725463232092,0.6515577334779504,0.14952094655979953,
logreg,100.0,0.9173763572600854,0.006188354205800849,0.8788851565172484,0.010585078277484299,0.7306061326037372,0.13944073212996244,0.6513131976786224,0.14798265081033812,
svm_rbf,0.1,0.5431666090397174,0.0008043198672222077,0.23465444665829174,0.000225076523603937,0.5433011559948804,0.008704738298942602,0.23467956561399816,0.0024470654766923002,0.0003
svm_rbf,0.1,0.5431666090397174,0.0008043198672222077,0.23465444665829174,0.000225076523603937,0.5433011559948804,0.008704738298942602,0.23467956561399816,0.0024470654766923002,0.001
svm_rbf,0.1,0.6959886103615105,0.021999611696427675,0.4851039339341155,0.025679828866367046,0.6751814926706136,0.11604445324587292,0.43274599566446575,0.1491179728162502,0.003
svm_rbf,0.1,0.7905944262889948,0.009993587840364833,0.579613670251978,0.008518286620171059,0.7773251279024841,0.09159394919421074,0.5527149618916151,0.1137946944292901,0.01
svm_rbf,0.1,0.808584735811773,0.006230241396969065,0.5950931660086546,0.005071248010009177,0.7846963826990166,0.0805997686349102,0.568435893628816,0.09599517495370409,0.03
svm_rbf,0.1,0.8229778225942326,0.0038320615049954316,0.6107243533330879,0.013775535766864123,0.7356481670828257,0.18364498462942894,0.5373882439953078,0.14286076978379805,0.1
svm_rbf,0.1,0.6964460483811136,0.036236385693295466,0.4839482069883902,0.04634591108925343,0.5573065045110985,0.03165142964503544,0.25992441051926246,0.05929821012761592,0.3
svm_rbf,1.0,0.7050363003260719,0.02437684918051963,0.49530182524131455,0.02739228538318403,0.6870388080605375,0.1177381178865606,0.44776897222426637,0.14799742253508924,0.0003
svm_rbf,1.0,0.78874313769234,0.00892144873816296,0.5780955954796791,0.007554257265804175,0.7712687198320096,0.09115196835628075,0.5471048138181945,0.11349702990737728,0.001
svm_rbf,1.0,0.8115300516601538,0.004869227951408937,0.5981455310967189,0.004563210021062838,0.7833820434223151,0.08823030033169114,0.5653698558530279,0.11229249427261366,0.003
svm_rbf,1.0,0.8482670463352688,0.013206124241709432,0.7090987269008445,0.04026994235072058,0.752221292655789,0.1270637142413935,0.5626066841952215,0.11227627764299167,0.01
svm_rbf,1.0,0.9289295023984426,0.006171191164448975,0.8936669760675343,0.009726136736207227,0.7691878454821253,0.14944904721501293,0.6680800771280896,0.16437172934081334,0.03
svm_rbf,1.0,0.9766722742187047,0.004497313721325136,0.9676921561476934,0.006290816431524218,0.7056905383467109,0.1952679763847472,0.6246493122305521,0.19481279302728086,0.1
svm_rbf,1.0,0.9933503937172136,0.0016255515794303325,0.9907895210178896,0.0022650626209762353,0.6821995084355756,0.15129815999197951,0.5653172569322394,0.15913469019356455,0.3
svm_rbf,10.0,0.8114209751215565,0.005192433198836963,0.598555517913501,0.005985426543689941,0.7833820434223151,0.08823030033169114,0.5655073820608343,0.11265192248745845,0.0003
svm_rbf,10.0,0.8436881683375307,0.01260914847805221,0.7002835496473242,0.04025774490012096,0.7474046452166561,0.12802585829688515,0.5563695623076607,0.1192038942345495,0.001
svm_rbf,10.0,0.9072377570970516,0.00816842542362623,0.8567696977995136,0.014817782909235227,0.7742157382817574,0.14562609492992862,0.6762007983239262,0.17231837609030273,0.003
svm_rbf,10.0,0.9429881049852145,0.006835854844440396,0.9174042343185645,0.010043557502686273,0.7191909141621896,0.20409525422427988,0.6521532085417032,0.2005565513493946,0.01
svm_rbf,10.0,0.9778716745607929,0.004190651363239435,0.9704228317893614,0.005433600600285366,0.6840826681454902,0.1698901753363617,0.6137053429767164,0.16016510070354115,0.03
svm_rbf,10.0,0.9994544795824355,0.0006741723572730136,0.9992567234262721,0.00091856262249615,0.6411001234439987,0.2077785689566177,0.5755510770096223,0.19253891533623593,0.1
svm_rbf,10.0,1.0,0.0,1.0,0.0,0.6712815663795261,0.15363362291419227,0.5770519909533595,0.15719739833878008,0.3
svm_rbf,100.0,0.8971020201683313,0.009839505661821204,0.838142822689463,0.019794103032583405,0.7622167990781287,0.14597465950584132,0.654457174187174,0.17767114804157252,0.0003
svm_rbf,100.0,0.9250042169367952,0.007329160481350206,0.8894194902157294,0.012303597196042208,0.7441993123228093,0.16146606781666098,0.6619491881495553,0.18170245372344498,0.001
svm_rbf,100.0,0.942661017586222,0.005950413547310723,0.9180910240857937,0.008289574673216425,0.7048950281677312,0.1945274593353131,0.6463378205900383,0.18278242594137303,0.003
svm_rbf,100.0,0.9810308693431997,0.003729580031446557,0.9749121470552784,0.004596684037719747,0.6704969057707445,0.17941440865661648,0.6091270058154101,0.17523710799597692,0.01
svm_rbf,100.0,0.9994544795824356,0.0008761508470042236,0.9992558432753937,0.0011949971632956911,0.658979955094014,0.18790733691311234,0.5984752175355188,0.1749789356701053,0.03
svm_rbf,100.0,1.0,0.0,1.0,0.0,0.6505069658911224,0.203564039489316,0.5792354459046161,0.1895130791924275,0.1
svm_rbf,100.0,1.0,0.0,1.0,0.0,0.6712815663795261,0.15363362291419227,0.5770519909533595,0.15719739833878008,0.3
svm_rbf,1000.0,0.930126624412094,0.005827216516074454,0.8995069109899019,0.008915246717598743,0.7481747551569479,0.13314539721896695,0.6768117218875959,0.15444654879545727,0.0003
svm_rbf,1000.0,0.9456004920089428,0.0065185251002898,0.9235769627705505,0.009036481414240254,0.6822352154503736,0.18843142118398684,0.6243048088997997,0.1725672588469509,0.001
svm_rbf,1000.0,0.9792862352317959,0.003908911647086329,0.972701088037243,0.005006034062548731,0.6384786413303515,0.21909708130377015,0.5890975122951111,0.20258011699780604,0.003
svm_rbf,1000.0,0.9991276818245386,0.0010188544632454006,0.9988089807437764,0.001391990316735688,0.6546296599251137,0.20324830831555837,0.594872726499894,0.1925390658912338,0.01
svm_rbf,1000.0,1.0,0.0,1.0,0.0,0.6591254857628392,0.17125646157411453,0.5843536297957954,0.14526552542803134,0.03
svm_rbf,1000.0,1.0,0.0,1.0,0.0,0.6505069658911224,0.203564039489316,0.5792354459046161,0.1895130791924275,0.1
svm_rbf,1000.0,1.0,0.0,1.0,0.0,0.6712815663795261,0.15363362291419227,0.5770519909533595,0.15719739833878008,0.3
